{"is_source_file": false, "format": "", "description": "", "external_files": [], "external_methods": [], "published": [], "classes": [], "methods": [], "calls": [], "search-terms": [], "state": 2, "file_id": 14, "knowledge_revision": 30, "git_revision": "a56ca51999ea5c9d4f6fe38124519b61d38231a7", "hash": "ab00f2bfdce1a5187d1ba31e9e68b921", "format-version": 4, "code-base-name": "mobile_frontend", "filename": "mobile_frontend/android/app/src/main/res/drawable-v21/launch_background.xml", "revision_history": [{"30": "a56ca51999ea5c9d4f6fe38124519b61d38231a7"}]}