{"is_source_file": false, "format": "", "description": "", "external_files": [], "external_methods": [], "published": [], "classes": [], "methods": [], "calls": [], "search-terms": [], "state": 2, "file_id": 7, "knowledge_revision": 24, "git_revision": "a56ca51999ea5c9d4f6fe38124519b61d38231a7", "hash": "ac1dad6fec40014c3c6cbbd849a880dc", "format-version": 4, "code-base-name": "mobile_frontend", "filename": "mobile_frontend/android/app/src/debug/AndroidManifest.xml", "revision_history": [{"24": "a56ca51999ea5c9d4f6fe38124519b61d38231a7"}]}