{"is_source_file": false, "format": "", "description": "", "external_files": [], "external_methods": [], "published": [], "classes": [], "methods": [], "calls": [], "search-terms": [], "state": 2, "file_id": 12, "knowledge_revision": 31, "git_revision": "a56ca51999ea5c9d4f6fe38124519b61d38231a7", "hash": "79c59c987bd2e693cd741ec3035ef383", "format-version": 4, "code-base-name": "mobile_frontend", "filename": "mobile_frontend/android/app/src/main/res/drawable/launch_background.xml", "revision_history": [{"31": "a56ca51999ea5c9d4f6fe38124519b61d38231a7"}]}