{"is_source_file": false, "format": "", "description": "", "external_files": [], "external_methods": [], "published": [], "classes": [], "methods": [], "calls": [], "search-terms": [], "state": 2, "file_id": 13, "knowledge_revision": 32, "git_revision": "a56ca51999ea5c9d4f6fe38124519b61d38231a7", "hash": "feddd27a2f77ef486e2b7a420b1de43d", "format-version": 4, "code-base-name": "mobile_frontend", "filename": "mobile_frontend/android/app/src/main/res/values-night/styles.xml", "revision_history": [{"32": "a56ca51999ea5c9d4f6fe38124519b61d38231a7"}]}