{"is_source_file": true, "format": "Kotlin", "description": "Defines the main activity class for the Android app using Flutter integration.", "external_files": ["io.flutter.embedding.android.FlutterActivity"], "external_methods": [], "published": ["com.example.mobile_frontend.MainActivity"], "classes": [{"name": "MainActivity", "description": "Main activity class that extends FlutterActivity to embed Flutter content within the Android app."}], "methods": [], "calls": [], "search-terms": ["MainActivity", "FlutterActivity", "com.example.mobile_frontend", "kotlin", "Android activity", "Flutter integration"], "state": 2, "file_id": 8, "knowledge_revision": 26, "git_revision": "a56ca51999ea5c9d4f6fe38124519b61d38231a7", "hash": "e4c59627a59bd7a44d138c6749c0b9bf", "format-version": 4, "code-base-name": "mobile_frontend", "filename": "mobile_frontend/android/app/src/main/kotlin/com/example/mobile_frontend/MainActivity.kt", "revision_history": [{"26": "a56ca51999ea5c9d4f6fe38124519b61d38231a7"}]}