{"is_source_file": false, "format": "", "description": "", "external_files": [], "external_methods": [], "published": [], "classes": [], "methods": [], "calls": [], "search-terms": ["build.gradle.kts", "repositories", "subprojects", "buildDirectory", "Delete", "evaluationDependsOn"], "state": 2, "file_id": 6, "knowledge_revision": 22, "git_revision": "a56ca51999ea5c9d4f6fe38124519b61d38231a7", "hash": "699579880a795350891cafc998a3ec79", "format-version": 4, "code-base-name": "mobile_frontend", "filename": "mobile_frontend/android/build.gradle.kts", "revision_history": [{"22": "a56ca51999ea5c9d4f6fe38124519b61d38231a7"}]}