{"is_source_file": false, "format": "", "description": "", "external_files": [], "external_methods": [], "published": [], "classes": [], "methods": [], "calls": [], "search-terms": [], "state": 2, "file_id": 16, "knowledge_revision": 35, "git_revision": "a56ca51999ea5c9d4f6fe38124519b61d38231a7", "hash": "2aa7c06f2e4163e5c7ca22219e1d2413", "format-version": 4, "code-base-name": "mobile_frontend", "filename": "mobile_frontend/android/app/build.gradle.kts", "revision_history": [{"35": "a56ca51999ea5c9d4f6fe38124519b61d38231a7"}]}