{"is_source_file": false, "format": "", "description": "", "external_files": [], "external_methods": [], "published": [], "classes": [], "methods": [], "calls": [], "search-terms": [], "state": 2, "file_id": 4, "knowledge_revision": 23, "git_revision": "a56ca51999ea5c9d4f6fe38124519b61d38231a7", "hash": "635a0e7d7f6825a92d7deb8dc8992387", "format-version": 4, "code-base-name": "mobile_frontend", "filename": "mobile_frontend/pubspec.yaml", "revision_history": [{"23": "a56ca51999ea5c9d4f6fe38124519b61d38231a7"}]}