{"is_source_file": false, "format": "", "description": "", "external_files": [], "external_methods": [], "published": [], "classes": [], "methods": [], "calls": [], "search-terms": [], "state": 2, "file_id": 3, "knowledge_revision": 21, "git_revision": "a56ca51999ea5c9d4f6fe38124519b61d38231a7", "hash": "66d03d7647c8e438164feaf5b922d44a", "format-version": 4, "code-base-name": "mobile_frontend", "filename": "mobile_frontend/analysis_options.yaml", "revision_history": [{"21": "a56ca51999ea5c9d4f6fe38124519b61d38231a7"}]}