{"is_source_file": false, "format": "", "description": "", "external_files": [], "external_methods": [], "published": [], "classes": [], "methods": [], "calls": [], "search-terms": [], "state": 2, "file_id": 17, "knowledge_revision": 34, "git_revision": "a56ca51999ea5c9d4f6fe38124519b61d38231a7", "hash": "faf0dc7c76a9013091ad7a95f15c93b1", "format-version": 4, "code-base-name": "mobile_frontend", "filename": "mobile_frontend/README.md", "revision_history": [{"34": "a56ca51999ea5c9d4f6fe38124519b61d38231a7"}]}