{"is_source_file": false, "format": "", "description": "", "external_files": [], "external_methods": [], "published": [], "classes": [], "methods": [], "calls": [], "search-terms": [], "state": 2, "file_id": 10, "knowledge_revision": 29, "git_revision": "a56ca51999ea5c9d4f6fe38124519b61d38231a7", "hash": "13ade4ccea22d4573e7823fdcce9778c", "format-version": 4, "code-base-name": "mobile_frontend", "filename": "mobile_frontend/android/app/src/main/AndroidManifest.xml", "revision_history": [{"29": "a56ca51999ea5c9d4f6fe38124519b61d38231a7"}]}