{"is_source_file": false, "format": "", "description": "", "external_files": [], "external_methods": [], "published": [], "classes": [], "methods": [], "calls": [], "search-terms": [], "state": 2, "file_id": 5, "knowledge_revision": 20, "git_revision": "a56ca51999ea5c9d4f6fe38124519b61d38231a7", "hash": "683f9ca2f32a701ed1517715bf394e23", "format-version": 4, "code-base-name": "mobile_frontend", "filename": "mobile_frontend/android/settings.gradle.kts", "revision_history": [{"20": "a56ca51999ea5c9d4f6fe38124519b61d38231a7"}]}