{"is_source_file": false, "format": "", "description": "", "external_files": [], "external_methods": [], "published": [], "classes": [], "methods": [], "calls": [], "search-terms": [], "state": 2, "file_id": 11, "knowledge_revision": 36, "git_revision": "a56ca51999ea5c9d4f6fe38124519b61d38231a7", "hash": "58b48ec178bde5aad76063577172ad24", "format-version": 4, "code-base-name": "mobile_frontend", "filename": "mobile_frontend/android/app/src/main/res/values/styles.xml", "revision_history": [{"36": "a56ca51999ea5c9d4f6fe38124519b61d38231a7"}]}